"","SWE","DNK","FRATNP","GBRTENW","NOR","FIN","ITA","GBRSCO","NLD"
"1989",0.168215744789322,0.18765262709407,0.209554651518024,0.186347304305005,0.173144350097988,0.204956092186461,0.227187657705463,0.204091685029254,0.176839408824404
"1993",0.161429618324547,0.181818006718953,0.199355037377363,0.177711621902374,0.166503287953164,0.192395406200242,0.213164613463515,0.19398188045119,0.16864793950614
"1997",0.155000920354167,0.176076522819448,0.190010618410923,0.169357550828022,0.159923609941397,0.180922007452106,0.20023847609119,0.184646113700055,0.161368764942784
"2001",0.148569510644024,0.16977091774837,0.180941704847713,0.161370835127457,0.153697442945898,0.170920201734191,0.187880070478584,0.175925243358774,0.154661308739789
"2005",0.142540921308243,0.162726940123072,0.172452212325631,0.153780283558018,0.147694199829009,0.162596120288941,0.176153663789153,0.167748079211327,0.148382335105411
"2009",0.136897044290532,0.155870877580979,0.164986615411336,0.147359282304202,0.142315588235335,0.15605225394912,0.165272902652915,0.160804576029053,0.142571322613584
"2013",0.131778084523352,0.149069885048597,0.158183371846313,0.141721690292306,0.137403266328905,0.149960518451963,0.155381388603601,0.154480441016066,0.137463046942308
"2017",0.127276158327567,0.14237536747894,0.152173391238975,0.137197151829138,0.132427912186811,0.14419506878131,0.146730071438638,0.149301806380113,0.132492668919631
